,Output,AI vs DShareC,AI vs CShareD,F-Measure vs DShareC,F-Measure vs CShareD,Geometric Aggregtion vs DShareC,Geometric Aggregtion vs CShareD,AI vs RSI,AI vs F-Measure,DShareC vs CShareD
CHINA MAINLAND,878110.0,0.6589497459062676,1.0,0.9954827780914738,0.6996047430830039,0.8814229249011858,0.911914172783738,1.0,0.6996047430830039,0.6589497459062676
USA,590332.0,0.12365894974590627,1.0,0.9898362507058159,0.2015810276679842,0.45115753811405984,0.9051383399209486,1.0,0.2015810276679842,0.12365894974590627
UNITED KINGDOM,183810.0,0.06945228684359118,1.0,0.9085262563523433,0.3427442123094297,0.6420101637492942,0.7063805759457933,1.0,0.3427442123094297,0.06945228684359118
ENGLAND,162658.0,0.09542631281761717,1.0,0.8464144551101073,0.4827780914737436,0.6521739130434783,0.7199322416713722,1.0,0.4827780914737436,0.09542631281761717
GERMANY (FED REP GER),151436.0,0.029926595143986448,1.0,0.8791643139469226,0.4116318464144551,0.8091473743647657,0.5279503105590062,1.0,0.4116318464144551,0.029926595143986448
INDIA,144760.0,0.42857142857142855,1.0,0.9536984754376059,0.603613777526821,0.8927159796725014,0.7346132128740824,1.0,0.603613777526821,0.42857142857142855
ITALY,118074.0,-0.06041784302653868,1.0,0.8136645962732919,0.43195934500282324,0.6668548842461886,0.5753811405985318,1.0,0.43195934500282324,-0.06041784302653868
JAPAN,102077.0,0.4376058723884811,1.0,0.9186900056465274,0.6950875211744777,0.8125352907961604,0.7876905702992659,1.0,0.6950875211744777,0.4376058723884811
CANADA,101035.0,0.26256352343308864,1.0,0.8848108413325805,0.6239412761151891,0.8181818181818182,0.7029926595143986,1.0,0.6239412761151891,0.26256352343308864
AUSTRALIA,94420.0,0.3337097684923772,1.0,0.8690005646527386,0.6984754376058724,0.867871259175607,0.6984754376058724,1.0,0.6984754376058724,0.3337097684923772
FRANCE,94156.0,-0.04121964991530209,1.0,0.6792772444946358,0.6578204404291361,0.7142857142857143,0.5798983625070582,1.0,0.6578204404291361,-0.04121964991530209
SPAIN,92558.0,-0.0660643704121965,1.0,0.7854319593450029,0.49407114624505927,0.7673630717108978,0.4330886504799548,1.0,0.49407114624505927,-0.0660643704121965
SOUTH KOREA,86444.0,0.2941840767927724,1.0,0.9457933370976849,0.4850367024280068,0.9503105590062112,0.49858836815358554,1.0,0.4850367024280068,0.2941840767927724
BRAZIL,63318.0,0.17334839073969507,1.0,0.8102766798418972,0.6273291925465838,0.9209486166007905,0.44664031620553357,1.0,0.6273291925465838,0.17334839073969507
NETHERLANDS,60126.0,0.269339356295878,1.0,0.6747600225861096,0.8091473743647657,0.7447769621682665,0.753811405985319,1.0,0.8091473743647657,0.269339356295878
TURKIYE,57350.0,0.6747600225861096,1.0,0.922077922077922,0.8791643139469226,0.9819311123658949,0.7549407114624506,1.0,0.8791643139469226,0.6747600225861096
SAUDI ARABIA,52872.0,0.5934500282326369,1.0,0.9186900056465274,0.7459062676453981,0.9536984754376059,0.7673630717108978,1.0,0.7459062676453981,0.5934500282326369
SWITZERLAND,47906.0,0.1767363071710898,1.0,0.6374929418407679,0.8023715415019763,0.7910784867306606,0.6747600225861096,1.0,0.8023715415019763,0.1767363071710898
IRAN,45880.0,0.2862789384528515,1.0,0.8464144551101073,0.6261998870694523,0.9582156973461321,0.48955392433653305,1.0,0.6261998870694523,0.2862789384528515
POLAND,43623.0,0.4863033235434945,1.0,0.8901440626069074,0.7967250141163185,0.9539678437456006,0.6578204404291361,1.0,0.7967250141163185,0.4863033235434945
RUSSIA,41524.0,0.6826651609260305,1.0,0.8543195934500283,0.9457933370976849,0.9548277809147374,0.8520609824957651,1.0,0.9457933370976849,0.6826651609260305
SWEDEN,40217.0,0.13156408808582723,1.0,0.6013551665725578,0.8080180688876341,0.8588368153585545,0.46696781479390176,1.0,0.8080180688876341,0.13156408808582723
TAIWAN,35278.0,0.47939017504234893,1.0,0.8215697346132129,0.8701298701298701,0.893845285149633,0.7662337662337663,1.0,0.8701298701298701,0.47939017504234893
BELGIUM,34138.0,0.05251270468661773,1.0,0.453416149068323,0.857707509881423,0.8170525127046866,0.4771315640880858,1.0,0.857707509881423,0.05251270468661773
HONG KONG,32769.0,0.6013551665725578,1.0,0.8972332015810277,0.8407679277244494,0.9819311123658949,0.6713721061547149,1.0,0.8407679277244494,0.6013551665725578
DENMARK,29481.0,0.20045172219085264,1.0,0.5539243365330322,0.867871259175607,0.857707509881423,0.5900621118012422,1.0,0.867871259175607,0.20045172219085264
PAKISTAN,29352.0,0.4647092038396386,1.0,0.8780350084697911,0.7063805759457933,0.9695087521174478,0.6216826651609261,1.0,0.7063805759457933,0.4647092038396386
EGYPT,28212.0,0.5290796160361377,1.0,0.8622247317899492,0.8046301524562394,0.9762845849802372,0.6668548842461886,1.0,0.8046301524562394,0.5290796160361377
AUSTRIA,26360.0,-0.2146286445371985,1.0,0.38972043350175517,0.6736307171089779,0.9195142981751556,0.09542631281761717,1.0,0.6736307171089779,-0.2146286445371985
PORTUGAL,25324.0,0.032185206098249576,1.0,0.6149068322981367,0.7752682100508187,0.9695087521174478,0.23433088650479955,1.0,0.7752682100508187,0.032185206098249576
SCOTLAND,23471.0,0.11688311688311688,1.0,0.5708639186900056,0.7289666854884246,0.893845285149633,0.4105025409373235,1.0,0.7289666854884246,0.11688311688311688
SINGAPORE,22573.0,0.7763975155279503,1.0,0.9401468097120271,0.8972332015810277,0.9909655561829475,0.8136645962732919,1.0,0.8972332015810277,0.7763975155279503
MEXICO,22124.0,0.3190287972896669,1.0,0.567476002258611,0.9288537549407114,0.9435347261434218,0.47261434217955955,1.0,0.9288537549407114,0.3190287972896669
NORWAY,22067.0,0.4106184857330087,1.0,0.7257837058692107,0.841897233201581,0.9477549092984712,0.5957086391869001,1.0,0.841897233201581,0.4106184857330087
ISRAEL,20854.0,0.3608130999435347,1.0,0.5753811405985318,0.9062676453980801,0.9040090344438171,0.6758893280632411,1.0,0.9062676453980801,0.3608130999435347
SOUTH AFRICA,20572.0,0.24512850455037932,1.0,0.5766732791381044,0.8260869565217391,0.9189494859526893,0.5403726708074534,1.0,0.8260869565217391,0.24512850455037932
MALAYSIA,19283.0,0.49520045172219085,1.0,0.8351214003387917,0.7910784867306606,0.9774138904573687,0.6058723884810842,1.0,0.7910784867306606,0.49520045172219085
CZECH REPUBLIC,19073.0,-0.03670242800677583,1.0,0.44776962168266515,0.7741389045736872,0.9582156973461321,0.15640880858272163,1.0,0.7741389045736872,-0.03670242800677583
FINLAND,19035.0,0.1101072840203275,1.0,0.40711462450592883,0.9107848673066065,0.8915866741953699,0.4161490683229814,1.0,0.9107848673066065,0.1101072840203275
GREECE,18668.0,0.09768492377188029,1.0,0.4748729531338227,0.8667419536984754,0.8972332015810277,0.3901750423489554,1.0,0.8667419536984754,0.09768492377188029
IRELAND,17218.0,0.22981366459627328,1.0,0.4590626764539808,0.948051948051948,0.8927159796725014,0.5539243365330322,1.0,0.948051948051948,0.22981366459627328
THAILAND,16680.0,0.25578769057029926,1.0,0.6973461321287409,0.779785431959345,0.9649915302089215,0.44551101072840205,1.0,0.779785431959345,0.25578769057029926
CHILE,14377.0,0.4556747600225861,1.0,0.6194240542066629,0.9536984754376059,0.96386222473179,0.629587803500847,1.0,0.9536984754376059,0.4556747600225861
ROMANIA,13475.0,0.49858836815358554,1.0,0.7865612648221344,0.883681535855449,0.9819311123658949,0.6024844720496895,1.0,0.883681535855449,0.49858836815358554
NEW ZEALAND,12800.0,0.4601919819311124,1.0,0.6837944664031621,0.8904573687182383,0.9762845849802372,0.5742518351214003,1.0,0.8904573687182383,0.4601919819311124
ARGENTINA,12066.0,0.3800112930547713,1.0,0.4906832298136646,0.9548277809147374,0.9254658385093167,0.6307171089779785,1.0,0.9548277809147374,0.3800112930547713
UNITED ARAB EMIRATES,11911.0,0.4138904573687182,1.0,0.6905702992659515,0.8441558441558441,0.9819311123658949,0.5200451722190853,1.0,0.8441558441558441,0.4138904573687182
HUNGARY,11848.0,0.05535159780169856,1.0,0.4863033235434945,0.7413890457368718,0.9748658959768541,0.16770186335403728,1.0,0.7413890457368718,0.05535159780169856
INDONESIA,11211.0,0.4748729531338227,1.0,0.7470355731225297,0.8870694522868436,0.9785431959345002,0.6058723884810842,1.0,0.8870694522868436,0.4748729531338227
VIETNAM,10623.0,0.5697346132128741,1.0,0.6950875211744777,0.9649915302089215,0.9853190287972897,0.6420101637492942,1.0,0.9649915302089215,0.5697346132128741
COLOMBIA,9708.0,0.1507622811970638,1.0,0.4872953133822699,0.8644833427442123,0.9808018068887634,0.2727272727272727,1.0,0.8644833427442123,0.1507622811970638
NIGERIA,7821.0,0.18299916007908504,1.0,0.44281278241358846,0.9401468097120271,0.9748658959768541,0.34726143421795597,1.0,0.9401468097120271,0.18299916007908504
WALES,7735.0,0.43264616240919485,1.0,0.5975713313693579,0.9277244494635799,0.9663937126398595,0.585544889892716,1.0,0.9277244494635799,0.43264616240919485
ETHIOPIA,7711.0,0.5800621524729023,1.0,0.6546173658384554,0.9853190287972897,0.9601807781927301,0.7267080745341615,1.0,0.9853190287972897,0.5800621524729023
IRAQ,7691.0,0.7063805759457933,1.0,0.8193111236589498,0.9525691699604744,0.9943534726143421,0.7447769621682665,1.0,0.9525691699604744,0.7063805759457933
BANGLADESH,7562.0,0.3404856013551666,1.0,0.49745906267645396,0.9604743083003953,0.9864483342744212,0.435347261434218,1.0,0.9604743083003953,0.3404856013551666
SERBIA,7547.0,0.41174811017794133,1.0,0.6693024836225795,0.885940146809712,0.979949205979051,0.5166572557876906,1.0,0.885940146809712,0.41174811017794133
MOROCCO,7405.0,0.629587803500847,1.0,0.7481648785996612,0.9649915302089215,0.9808018068887634,0.7086391869000565,1.0,0.9649915302089215,0.629587803500847
TUNISIA,6896.0,0.5053642010163749,1.0,0.7617165443252399,0.8791643139469226,0.9932241671372106,0.5313382269904009,1.0,0.8791643139469226,0.5053642010163749
JORDAN,6783.0,0.551665725578769,1.0,0.6939582156973462,0.9706380575945793,0.9785431959345002,0.6612083568605308,1.0,0.9706380575945793,0.551665725578769
ALGERIA,6749.0,0.7850889892281734,1.0,0.8195425347986184,0.9875776397515528,0.9895510137609783,0.8475437605872389,1.0,0.9875776397515528,0.7850889892281734
CROATIA,6159.0,0.24110671936758893,1.0,0.42292490118577075,0.9683794466403162,0.9932241671372106,0.30773574251835123,1.0,0.9683794466403162,0.24110671936758893
SLOVENIA,6054.0,0.21852060982495766,1.0,0.4601919819311124,0.8588368153585545,0.9864483342744212,0.30434782608695654,1.0,0.8588368153585545,0.21852060982495766
UKRAINE,5773.0,0.525691699604743,1.0,0.6996047430830039,0.9209486166007905,0.9808018068887634,0.6182947487295314,1.0,0.9209486166007905,0.525691699604743
SLOVAKIA,5522.0,0.2422360248447205,1.0,0.4150197628458498,0.9299830604178431,0.9909655561829475,0.3145115753811406,1.0,0.9299830604178431,0.2422360248447205
LEBANON,5170.0,0.4868681357659608,1.0,0.6529229291710564,0.9604743083003953,0.9895510137609783,0.5539243365330322,1.0,0.9604743083003953,0.4868681357659608
MACAU,4802.0,0.6224230691578756,1.0,0.682857976961771,0.9785431959345002,0.9844677037587815,0.7267080745341615,1.0,0.9785431959345002,0.6224230691578756
QATAR,4486.0,0.6508475615001458,1.0,0.7824860005882829,0.9491812535290797,0.9909606101312983,0.7086391869000565,1.0,0.9491812535290797,0.6508475615001458
NORTHERN IRELAND,4440.0,0.39808018068887635,1.0,0.5268210050818747,0.9401468097120271,0.9774138904573687,0.48616600790513836,1.0,0.9401468097120271,0.39808018068887635
LITHUANIA,4134.0,0.17447769621682666,1.0,0.46696781479390176,0.841897233201581,0.9966120835686053,0.21513269339356295,1.0,0.841897233201581,0.17447769621682666
PHILIPPINES,4097.0,0.59418245803456,1.0,0.6766450425146415,0.9875776397515528,0.9951991359856414,0.6273291925465838,1.0,0.9875776397515528,0.59418245803456
BULGARIA,4006.0,0.1225296442687747,1.0,0.2140033879164314,0.9864483342744212,0.9695087521174478,0.28514963297571994,1.0,0.9864483342744212,0.1225296442687747
KENYA,3754.0,0.5977402083916269,1.0,0.6954803369849648,0.9841897233201581,0.9796611732996986,0.7244494635798984,1.0,0.9841897233201581,0.5977402083916269
PERU,3740.0,0.5934500282326369,1.0,0.6487859966120836,0.9819311123658949,0.9864483342744212,0.6815358554488989,1.0,0.9819311123658949,0.5934500282326369
GHANA,3720.0,0.619599008045544,1.0,0.655746990283388,0.9954827780914738,0.9550974681905333,0.79785431959345,1.0,0.9954827780914738,0.619599008045544
ECUADOR,3617.0,0.21626199887069453,1.0,0.3145115753811406,0.9819311123658949,0.9932241671372106,0.2682100508187465,1.0,0.9819311123658949,0.21626199887069453
KAZAKHSTAN,3377.0,0.5753811405985318,1.0,0.6307171089779785,0.9819311123658949,0.9864483342744212,0.6386222473178995,1.0,0.9819311123658949,0.5753811405985318
CYPRUS,3244.0,0.28289102202145683,1.0,0.4184076792772445,0.9548277809147374,0.9909655561829475,0.35177865612648224,1.0,0.9548277809147374,0.28289102202145683
KUWAIT,3108.0,0.49407114624505927,1.0,0.6747600225861096,0.948051948051948,0.9977413890457368,0.5121400338791643,1.0,0.948051948051948,0.49407114624505927
ESTONIA,2916.0,0.14850367024280067,1.0,0.21287408243929984,0.9909655561829475,0.9785431959345002,0.2682100508187465,1.0,0.9909655561829475,0.14850367024280067
OMAN,2699.0,0.23609150899091833,1.0,0.3863315601669573,0.9503105590062112,0.9884213893160456,0.3382269904009034,1.0,0.9503105590062112,0.23609150899091833
UGANDA,2675.0,0.691894972521232,1.0,0.691894972521232,1.0,0.979949205979051,0.7899491812535291,1.0,1.0,0.691894972521232
AZERBAIJAN,2482.0,0.6216826651609261,1.0,0.6871823828345568,0.9909655561829475,0.9943534726143421,0.6623376623376623,1.0,0.9909655561829475,0.6216826651609261
UZBEKISTAN,2362.0,0.7404688236533348,1.0,0.7523298803251274,0.9977413890457368,0.9929398870957762,0.7752682100508187,1.0,0.9977413890457368,0.7404688236533348
TANZANIA,2168.0,0.5618294748729531,1.0,0.6239412761151891,0.9920948616600791,0.96386222473179,0.709768492377188,1.0,0.9920948616600791,0.5618294748729531
SRI LANKA,2118.0,0.4315165379642622,1.0,0.4704885813144377,0.9954827780914738,0.9906806382059109,0.4827780914737436,1.0,0.9954827780914738,0.4315165379642622
NEPAL,2116.0,0.6322034907280062,1.0,0.7158193232818444,0.9875776397515528,0.9824860325075985,0.7131564088085828,1.0,0.9875776397515528,0.6322034907280062
LUXEMBOURG,2115.0,0.47218301798183665,1.0,0.5128494979994112,0.9932241671372106,0.9946343237631751,0.5143986448334275,1.0,0.9932241671372106,0.47218301798183665
CAMEROON,2023.0,0.4399887213012569,1.0,0.5467382313473899,0.9751552795031055,0.9946343237631751,0.47600225861095424,1.0,0.9751552795031055,0.4399887213012569
LATVIA,1742.0,0.40870574453115194,1.0,0.48841184408701976,0.9808018068887634,0.9932171412741826,0.47148503670242803,1.0,0.9808018068887634,0.40870574453115194
ICELAND,1741.0,0.5585992880191823,1.0,0.5789325280279696,0.9988706945228685,0.9963287604305741,0.5945793337097685,1.0,0.9988706945228685,0.5585992880191823
URUGUAY,1716.0,0.6412430401932859,1.0,0.6412430401932859,1.0,0.9949154130223582,0.6837944664031621,1.0,1.0,0.6412430401932859
ARMENIA,1334.0,0.4892656148082693,1.0,0.507344713738829,0.9977413890457368,0.9892656946065583,0.5573122529644269,1.0,0.9977413890457368,0.4892656148082693
PALESTINE,1299.0,0.7990960768825405,1.0,0.8471322625508685,0.9887069452286844,0.9991526619012245,0.8035008469791078,1.0,0.9887069452286844,0.7990960768825405
REPUBLIC OF GEORGIA,1293.0,0.5139791224443437,1.0,0.5405252969002604,0.9954827780914738,0.9748658959768541,0.6408808582721626,1.0,0.9954827780914738,0.5139791224443437
BELARUS,1248.0,0.8136847259312779,1.0,0.8136847259312779,1.0,0.9895401461985659,0.8667419536984754,1.0,1.0,0.8136847259312779
SUDAN,1199.0,0.5242938689862285,1.0,0.5745763628868474,0.9954827780914738,0.9983052440718382,0.5482778091473743,1.0,0.9954827780914738,0.5242938689862285
COSTA RICA,1137.0,0.504519854530929,1.0,0.5813560249858073,0.9920948616600791,0.9949154130223582,0.5584415584415584,1.0,0.9920948616600791,0.504519854530929
BOSNIA & HERZEGOVINA,1056.0,0.36204463460090586,1.0,0.3778593768299626,0.9988706945228685,0.9985880093204392,0.37888198757763975,1.0,0.9988706945228685,0.36204463460090586
YEMEN,1044.0,0.639548124668546,1.0,0.6474577304506658,0.9988706945228685,0.9937854693391983,0.6962168266516092,1.0,0.9988706945228685,0.639548124668546
MALAWI,975.0,0.8191073635209394,1.0,0.8383272740521416,0.9988706945228685,0.9943477242466062,0.8554488989271598,1.0,0.9988706945228685,0.8191073635209394
BAHRAIN,946.0,0.6975696939853963,1.0,0.6992655684440318,0.9988706945228685,0.9966088901914535,0.7142857142857143,1.0,0.9988706945228685,0.6975696939853963
RWANDA,885.0,0.6623287836162084,1.0,0.6827081308043994,0.9988706945228685,0.9917948964919633,0.7346132128740824,1.0,0.9988706945228685,0.6623287836162084
ZAMBIA,880.0,0.6792996204682326,1.0,0.6792996204682326,1.0,0.9926484878615721,0.735742518351214,1.0,1.0,0.6792996204682326
MONGOLIA,839.0,0.5910641993249817,1.0,0.5995483744349096,0.9988706945228685,0.9858611477736298,0.6939582156973462,1.0,0.9988706945228685,0.5910641993249817
CONGO DEMOCRATIC REPUBLIC,832.0,0.7649718734993033,1.0,0.7706215919151032,0.9988706945228685,0.9971753003886782,0.7989836250705816,1.0,0.9988706945228685,0.7649718734993033
ZIMBABWE,812.0,0.8059966354431568,1.0,0.8274898790549744,0.9988706945228685,0.9898204294915961,0.857707509881423,1.0,0.9988706945228685,0.8059966354431568
MALTA,810.0,0.762794089841066,1.0,0.7825848927650373,0.9932241671372106,0.9974564673681545,0.7888198757763976,1.0,0.9932241671372106,0.762794089841066
MACEDONIA,790.0,0.3393787314992708,1.0,0.36090860094329796,0.9988706945228685,0.9943400230070454,0.4048560135516657,1.0,0.9988706945228685,0.3393787314992708
SENEGAL,778.0,0.6711909448786845,1.0,0.6711909448786845,1.0,0.9974564673681545,0.6996047430830039,1.0,1.0,0.6711909448786845
CUBA,752.0,0.5029671205272002,1.0,0.5176605420257475,0.9977413890457368,0.9957618723246366,0.5381140598531903,1.0,0.9977413890457368,0.5029671205272002
PANAMA,702.0,0.7335977544468205,1.0,0.7556565920901713,0.9977401129943503,0.992082082729162,0.7694915254237288,1.0,0.9977401129943503,0.7335977544468205
BURKINA FASO,680.0,0.6457456268335785,1.0,0.6525310449789401,0.9988706945228685,0.9974564673681545,0.6747600225861096,1.0,0.9988706945228685,0.6457456268335785
BOTSWANA,639.0,0.5504381745994302,1.0,0.6018651498443462,0.9887069452286844,0.9946316091324408,0.5866741953698476,1.0,0.9887069452286844,0.5504381745994302
MOZAMBIQUE,634.0,0.8254605145363174,1.0,0.8254605145363174,1.0,0.9974550288742478,0.8429378531073446,1.0,1.0,0.8254605145363174
VENEZUELA,631.0,0.6292865426775239,1.0,0.6292865426775239,1.0,0.9889597691403751,0.709768492377188,1.0,1.0,0.6292865426775239
SYRIA,602.0,0.590395574451087,1.0,0.590395574451087,1.0,0.9966103285470982,0.6318464144551101,1.0,1.0,0.590395574451087
LIBYA,595.0,0.7260397415536907,1.0,0.7441341899413216,0.9966120835686053,0.9985873703923814,0.7425183512140033,1.0,0.9966120835686053,0.7260397415536907
BENIN,594.0,0.6845679898025242,1.0,0.6845679898025242,1.0,0.9954783072190299,0.7334839073969509,1.0,1.0,0.6845679898025242
ALBANIA,575.0,0.5561538485248662,1.0,0.5640746561335621,0.9988706945228685,0.9934955829192931,0.6182947487295314,1.0,0.9988706945228685,0.5561538485248662
MONTENEGRO,568.0,0.7690135647127325,1.0,0.7690135647127325,1.0,0.9991521829760283,0.7751412429378531,1.0,1.0,0.7690135647127325
BRUNEI,553.0,0.7173490793092303,1.0,0.7504874878642762,0.9922077922077922,0.9993504383855039,0.7246753246753247,1.0,0.9922077922077922,0.7173490793092303
COTE IVOIRE,542.0,0.6332783628400168,1.0,0.6332783628400168,1.0,0.9949091705743963,0.655561829474873,1.0,1.0,0.6332783628400168
AFGHANISTAN,500.0,0.5583500169448019,1.0,0.5792598860004271,0.9988706945228685,0.9912408195558529,0.629587803500847,1.0,0.9988706945228685,0.5583500169448019
CAMBODIA,467.0,0.8790714019575472,1.0,0.8790714019575472,1.0,0.9991507429465936,0.8811544991511036,1.0,1.0,0.8790714019575472
BOLIVIA,430.0,0.8156120339010752,1.0,0.8156120339010752,1.0,0.9971733812535337,0.8362507058159232,1.0,1.0,0.8156120339010752
NAMIBIA,413.0,0.6585530358673283,1.0,0.6585530358673283,1.0,0.9892451880139488,0.7210615471485037,1.0,1.0,0.6585530358673283
MADAGASCAR,411.0,0.8056810534302163,1.0,0.8056810534302163,1.0,0.9957536963169223,0.8395480225988701,1.0,1.0,0.8056810534302163
MYANMAR,403.0,0.5810472573192583,1.0,0.5810472573192583,1.0,0.9974550288742478,0.6112994350282486,1.0,1.0,0.5810472573192583
GUATEMALA,403.0,0.8557673650319955,1.0,0.8716358989531185,0.9977362761743067,0.9985841703221033,0.8732314657611772,1.0,0.9977362761743067,0.8557673650319955
LAOS,402.0,0.9438481468655315,1.0,0.9472514454720179,0.9988681380871534,0.9977337081348978,0.9535936615732881,1.0,0.9988681380871534,0.9438481468655315
KOSOVO,392.0,0.5968795683853185,1.0,0.5968795683853185,1.0,0.9974000630752491,0.6077922077922078,1.0,1.0,0.5968795683853185
MOLDOVA,392.0,0.5868786315760871,1.0,0.6005269718452984,0.9988706945228685,0.9929167545851241,0.639751552795031,1.0,0.9988706945228685,0.5868786315760871
DOMINICAN REPUBLIC,384.0,0.7609095687755113,1.0,0.7609095687755113,1.0,0.9932051184389213,0.807909604519774,1.0,1.0,0.7609095687755113
KYRGYZSTAN,376.0,0.5117631776521974,1.0,0.5117631776521974,1.0,0.9951895237621912,0.5527950310559007,1.0,1.0,0.5117631776521974
PARAGUAY,339.0,0.6389376869047175,1.0,0.6389376869047175,1.0,0.9977388326067468,0.6453980801806889,1.0,1.0,0.6389376869047175
HONDURAS,327.0,0.8271325298827944,1.0,0.8271325298827944,1.0,0.9934704766636318,0.8528579513299378,1.0,1.0,0.8271325298827944
MALI,312.0,0.7928645465508573,1.0,0.7928645465508573,1.0,0.9963229970238793,0.8114059853190287,1.0,1.0,0.7928645465508573
GAMBIA,299.0,0.8579535282086376,1.0,0.8579535282086376,1.0,0.9977388326067468,0.8757763975155279,1.0,1.0,0.8579535282086376
FIJI,295.0,0.6541959574084155,1.0,0.6570304286276893,0.9988681380871534,0.9983007634282667,0.6627051499717035,1.0,0.9988681380871534,0.6541959574084155
JAMAICA,290.0,0.6137329210717223,1.0,0.6137329210717223,1.0,0.9909347625806828,0.6645962732919255,1.0,1.0,0.6137329210717223
SIERRA LEONE,268.0,0.9466416306212074,1.0,0.9466416306212074,1.0,0.9918445873775142,0.9623131903833658,1.0,1.0,0.9466416306212074
TRINIDAD & TOBAGO,267.0,0.8936791062859701,1.0,0.8936791062859701,1.0,0.9980172760553981,0.9037917374080362,1.0,1.0,0.8936791062859701
GABON,264.0,0.5674297203748874,1.0,0.5674297203748874,1.0,0.9967479588674829,0.5974025974025974,1.0,1.0,0.5674297203748874
ANGOLA,259.0,0.7514884278360437,1.0,0.7514884278360437,1.0,0.9985841703221033,0.7589134125636672,1.0,1.0,0.7514884278360437
TOGO,259.0,0.5130586366620407,1.0,0.5130586366620407,1.0,0.9875243670264943,0.5875706214689266,1.0,1.0,0.5130586366620407
CONGO PEOPLES REP,247.0,0.7592786504428923,1.0,0.7592786504428923,1.0,0.9905343567468966,0.8037686809616634,1.0,1.0,0.7592786504428923
SOMALIA,238.0,0.7141089531433358,1.0,0.7356497168121933,0.9987012987012988,0.9947916312526908,0.7571428571428571,1.0,0.9987012987012988,0.7141089531433358
GRENADA,230.0,0.8141727164792205,1.0,0.8141727164792205,1.0,0.9898174387691415,0.8745098039215686,1.0,1.0,0.8141727164792205
MONACO,229.0,0.8312848064802881,1.0,0.8312848064802881,1.0,0.9891888715790903,0.8822863610639502,1.0,1.0,0.8312848064802881
MAURITIUS,205.0,0.608830818123566,1.0,0.608830818123566,1.0,0.984638208672634,0.688135593220339,1.0,1.0,0.608830818123566
NORTH KOREA,193.0,0.8586477657707393,1.0,0.8586477657707393,1.0,0.9963987442366333,0.8745098039215686,1.0,1.0,0.8586477657707393
PAPUA NEW GUINEA,186.0,0.8500584877334164,1.0,0.8500584877334164,1.0,0.9994167395246001,0.8600583090379009,1.0,1.0,0.8500584877334164
TAJIKISTAN,179.0,0.5309822682460743,1.0,0.5338462502754491,0.9988706945228685,0.985782614510781,0.6103896103896104,1.0,0.9988706945228685,0.5309822682460743
NIGER,163.0,0.898328415410765,1.0,0.9046831501821595,0.9988479262672811,0.9971156559478973,0.9158986175115207,1.0,0.9988479262672811,0.898328415410765
BARBADOS,151.0,0.8008096529618179,1.0,0.8139376800595527,0.9988642816581488,0.9948761404935487,0.8341851220897217,1.0,0.9988642816581488,0.8008096529618179
GREENLAND,149.0,0.8794953208306462,1.0,0.8794953208306462,1.0,0.9952718411247498,0.8975741239892183,1.0,1.0,0.8794953208306462
GUINEA,146.0,0.7921312694541586,1.0,0.7921312694541586,1.0,0.9933534879758226,0.8099078341013825,1.0,1.0,0.7921312694541586
LIBERIA,136.0,0.857478538770362,1.0,0.857478538770362,1.0,0.9957075206055841,0.8732153055396916,1.0,1.0,0.857478538770362
EL SALVADOR,127.0,0.7997829494621984,1.0,0.7997829494621984,1.0,0.9948935836482113,0.821165817770232,1.0,1.0,0.7997829494621984
SAINT KITTS & NEVIS,125.0,0.9334455876847977,1.0,0.9334455876847977,1.0,0.9929987470424658,0.9548172757475083,1.0,1.0,0.9334455876847977
LIECHTENSTEIN,124.0,0.8803014331532044,1.0,0.8803014331532044,1.0,0.9971404002080214,0.8972015990862364,1.0,1.0,0.8803014331532044
HAITI,123.0,0.8986585935442959,1.0,0.8986585935442959,1.0,0.9914455228968618,0.9284497444633731,1.0,1.0,0.8986585935442959
SWAZILAND,117.0,0.9104368797441119,1.0,0.9104368797441119,1.0,0.992125861718258,0.9294117647058824,1.0,1.0,0.9104368797441119
BHUTAN,113.0,0.6062849672238322,1.0,0.6062849672238322,1.0,0.9954322762833576,0.6536458333333334,1.0,1.0,0.6062849672238322
CHAD,109.0,0.8506794504599973,1.0,0.8506794504599973,1.0,0.9962809197435817,0.8732153055396916,1.0,1.0,0.8506794504599973
LESOTHO,108.0,0.9055981237535484,1.0,0.9055981237535484,1.0,0.9909208839512511,0.928862973760933,1.0,1.0,0.9055981237535484
NEW CALEDONIA,108.0,0.824699056352341,1.0,0.824699056352341,1.0,0.9869540723933535,0.8629032258064516,1.0,1.0,0.824699056352341
GUYANA,106.0,0.6843608656155933,1.0,0.6843608656155933,1.0,0.97699330572333,0.7712800519818064,1.0,1.0,0.6843608656155933
NICARAGUA,103.0,0.8806068633468656,1.0,0.8806068633468656,1.0,0.987066562989325,0.9280411193603655,1.0,1.0,0.8806068633468656
BURUNDI,96.0,0.7241796205454865,1.0,0.7241796205454865,1.0,0.9927844252569032,0.7777777777777778,1.0,1.0,0.7241796205454865
MALDIVES,94.0,0.7849383723298841,1.0,0.7849383723298841,1.0,0.9867141564536323,0.8310708898944194,1.0,1.0,0.7849383723298841
NETHERLANDS ANTILLES,92.0,0.9236348628134964,1.0,0.9236348628134964,1.0,0.986331931315737,0.951734539969834,1.0,1.0,0.9236348628134964
CENT AFR REPUBL,91.0,0.6207982450642889,1.0,0.6207982450642889,1.0,0.9943051928766579,0.6649630891538898,1.0,1.0,0.6207982450642889
BAHAMAS,87.0,0.7928683202826073,1.0,0.7928683202826073,1.0,0.9874208829065749,0.8447368421052631,1.0,1.0,0.7928683202826073
SEYCHELLES,84.0,0.9733883517164363,1.0,0.9733883517164363,1.0,0.9986477343374375,0.9765765765765766,1.0,1.0,0.9733883517164363
MAURITANIA,82.0,0.8961765653654363,1.0,0.8961765653654363,1.0,0.99472291830968,0.9118421052631579,1.0,1.0,0.8961765653654363
ANDORRA,77.0,0.5207859667487577,1.0,0.5351723194213752,0.9988681380871534,0.9834510687001401,0.6253537068477646,1.0,0.9988681380871534,0.5207859667487577
FRENCH GUIANA,72.0,0.8997020333110233,1.0,0.8997020333110233,1.0,0.9963592112140319,0.9188370684433677,1.0,1.0,0.8997020333110233
BERMUDA,66.0,0.8930364343153366,1.0,0.8930364343153366,1.0,0.9952718411247498,0.9110512129380054,1.0,1.0,0.8930364343153366
SURINAME,66.0,0.9595928547354149,1.0,0.9595928547354149,1.0,0.998908495217746,0.9607272727272728,1.0,1.0,0.9595928547354149
SOUTH SUDAN,66.0,0.8816864466674641,1.0,0.8816864466674641,1.0,0.9924162986822163,0.9120879120879121,1.0,1.0,0.8816864466674641
CAPE VERDE,62.0,0.9395823708360218,1.0,0.9395823708360218,1.0,0.9977408394572336,0.9484203739522888,1.0,1.0,0.9395823708360218
ANTIGUA & BARBUDA,59.0,0.9353190866430107,1.0,0.9353190866430107,1.0,0.9835314106967741,0.9620653319283456,1.0,1.0,0.9353190866430107
GUINEA BISSAU,53.0,0.9085218175882207,1.0,0.9085218175882207,1.0,0.993057078733955,0.9298892988929889,1.0,1.0,0.9085218175882207
SAMOA,52.0,0.885515585037731,1.0,0.885515585037731,1.0,0.9966800951765877,0.9015151515151515,1.0,1.0,0.885515585037731
TIMOR-LESTE,50.0,0.8451380834222338,1.0,0.8451380834222338,1.0,0.9775252199076787,0.8993464052287582,1.0,1.0,0.8451380834222338
VATICAN,49.0,0.9676808622599826,1.0,0.9676808622599826,1.0,0.9924578971400391,0.9836065573770492,1.0,1.0,0.9676808622599826
BELIZE,48.0,0.8480170251662319,1.0,0.8480170251662319,1.0,0.9857700254983992,0.8995290423861853,1.0,1.0,0.8480170251662319
SAN MARINO,48.0,0.8826063315014282,1.0,0.8826063315014282,1.0,0.9703715160292367,0.9491758241758241,1.0,1.0,0.8826063315014282
ERITREA,46.0,0.9098274761393421,1.0,0.9235710936036826,0.9986522911051213,0.9806071060806958,0.9501347708894878,1.0,0.9986522911051213,0.9098274761393421
SAO TOME & PRINCIPE,40.0,0.9453781512605042,1.0,0.9453781512605042,1.0,1.0,0.9453781512605042,1.0,1.0,0.9453781512605042
DJIBOUTI,39.0,0.8720206149609123,1.0,0.8720206149609123,1.0,0.9901397709874359,0.9010989010989011,1.0,1.0,0.8720206149609123
SOLOMON ISLANDS,35.0,0.849785396976038,1.0,0.849785396976038,1.0,0.9919548170024475,0.8846153846153846,1.0,1.0,0.849785396976038
COMOROS,35.0,0.7772828721617694,1.0,0.7772828721617694,1.0,0.982655005446218,0.8226244343891402,1.0,1.0,0.7772828721617694
VANUATU,34.0,0.9568793544263829,1.0,0.9568793544263829,1.0,0.9989738324644535,0.961025641025641,1.0,1.0,0.9568793544263829
DOMINICA,28.0,0.8918173043035785,1.0,0.8918173043035785,1.0,0.9950327080503886,0.9117117117117117,1.0,1.0,0.8918173043035785
TONGA,24.0,0.9009397955798303,1.0,0.9009397955798303,1.0,0.9920588646650218,0.9254237288135593,1.0,1.0,0.9009397955798303
PALAU,24.0,0.9882656336567786,1.0,0.9882656336567786,1.0,0.997655330888672,0.9929742388758782,1.0,1.0,0.9882656336567786
MICRONESIA,17.0,0.9896551724137931,1.0,0.9896551724137931,1.0,1.0,0.9896551724137931,1.0,1.0,0.9896551724137931
SAINT VINCENT & GRENADINES,13.0,0.9440325808350093,1.0,0.9440325808350093,1.0,0.994923825084875,0.9493670886075949,1.0,1.0,0.9440325808350093
TURKMENISTAN,13.0,0.9349910212699056,1.0,0.9349910212699056,1.0,0.9774164428284006,0.9665071770334929,1.0,1.0,0.9349910212699056
KIRIBATI,11.0,0.8697707640712563,1.0,0.8697707640712563,1.0,0.9784921095801633,0.9331306990881459,1.0,1.0,0.8697707640712563
EQUATORIAL GUINEA,11.0,0.8596615346503509,1.0,0.8596615346503509,1.0,0.9593324372185075,0.9203187250996016,1.0,1.0,0.8596615346503509
SAINT LUCIA,10.0,0.9882887900738535,1.0,0.9882887900738535,1.0,0.9961013496791804,0.9961089494163424,1.0,1.0,0.9882887900738535
COOK ISLANDS,6.0,0.9771023998341895,1.0,0.9771023998341895,1.0,0.997458699830735,0.9847715736040609,1.0,1.0,0.9771023998341895
SAINT-MARTIN,5.0,0.7977240352174657,1.0,0.7977240352174657,1.0,0.7977240352174657,1.0,1.0,1.0,0.7977240352174657
MARSHALL ISLANDS,5.0,0.9642982651049115,1.0,0.9642982651049115,1.0,0.9949109084415754,0.9695431472081218,1.0,1.0,0.9642982651049115
NIUE,5.0,0.9607689228305227,1.0,0.9607689228305227,1.0,0.9607689228305227,1.0,1.0,1.0,0.9607689228305227
SERBIA & MONTENEGRO,4.0,0.9954648526077098,1.0,0.9954648526077098,1.0,1.0,0.9954648526077098,1.0,1.0,0.9954648526077098
TUVALU,3.0,0.9761870601839528,1.0,0.9761870601839528,1.0,0.9761870601839528,1.0,1.0,1.0,0.9761870601839528
FRENCH POLYNESIA,2.0,1.0,1.0,1.0,1.0,1.0,1.0,1.0,1.0,1.0
NAURU,1.0,1.0,1.0,1.0,1.0,1.0,1.0,1.0,1.0,1.0
USSR,,,,,,,,,,
YUGOSLAVIA,,,,,,,,,,
CZECHOSLOVAKIA,,,,,,,,,,
GERMANY (GER DEM REP),,,,,,,,,,
SENEGAMBIA,,,,,,,,,,
W IND ASSOC ST,,,,,,,,,,
GUADELOUPE,,,,,,,,,,
AMERICAN SAMOA,,,,,,,,,,
